full_name,bio_url,height,weight,birth_year,height_in,weight_lbs,age_years
"Anderson, Alan",http://www.basketball-reference.com/players/a/anderal01.html,6-6,220,1982,78,220,31
"Bogdanovic, Bojan",http://www.basketball-reference.com/players/b/bogdabo01.html,6-6,205,1992,78,205,21
"Brown, Markel",http://www.basketball-reference.com/players/b/brownma01.html,6-3,185,1974,75,185,39
"Young, Thaddeus",http://www.basketball-reference.com/players/y/youngth01.html,6-8,221,1988,80,221,25
"Williams, Deron",http://www.basketball-reference.com/players/w/willide01.html,6-3,200,1984,75,200,29
"Jack, Jarrett",http://www.basketball-reference.com/players/j/jackja01.html,6-3,200,1983,75,200,30
"Plumlee, Mason",http://www.basketball-reference.com/players/p/plumlma01.html,6-1,245,1990,73,245,23
"Morris, Darius",http://www.basketball-reference.com/players/m/morrida01.html,6-4,190,1991,76,190,22
"Ellington, Wayne",http://www.basketball-reference.com/players/e/ellinwa01.html,6-4,200,1987,76,200,26
"Lin, Jeremy",http://www.basketball-reference.com/players/l/linje01.html,6-3,200,1988,75,200,25
"Hill, Jordan",http://www.basketball-reference.com/players/h/hilljo01.html,6-1,235,1987,73,235,26
"Green, Willie",http://www.basketball-reference.com/players/g/greenwi01.html,6-4,200,1981,76,200,32
"Smart, Marcus",http://www.basketball-reference.com/players/s/smartma01.html,6-4,220,1994,76,220,19
"Young, James",http://www.basketball-reference.com/players/y/youngja01.html,6-6,215,1995,78,215,18
"Jerebko, Jonas",http://www.basketball-reference.com/players/j/jerebjo01.html,6-1,231,1987,73,231,26
"Crowder, Jae",http://www.basketball-reference.com/players/c/crowdja01.html,6-6,235,1990,78,235,23
"Thomas, Isaiah",http://www.basketball-reference.com/players/t/thomais02.html,5-9,195,1989,73,185,24
"Brooks, Aaron",http://www.basketball-reference.com/players/b/brookaa01.html,6-0,161,1985,72,161,28
"Hinrich, Kirk",http://www.basketball-reference.com/players/h/hinriki01.html,6-4,190,1981,76,190,32
"Gibson, Taj",http://www.basketball-reference.com/players/g/gibsota01.html,6-9,225,1985,81,225,28
"Butler, Jimmy",http://www.basketball-reference.com/players/b/butleji01.html,6-7,220,1989,79,220,24
"Noah, Joakim",http://www.basketball-reference.com/players/n/noahjo01.html,6-1,230,1985,73,230,28
"Harris, Devin",http://www.basketball-reference.com/players/h/harride01.html,6-3,192,1983,75,192,30
"Barea, Jose Juan",http://www.basketball-reference.com/players/b/bareajo01.html,6-0,185,1984,72,185,29
"Augustin, D.J.",http://www.basketball-reference.com/players/a/augusd.01.html,x,x,x,x,x,x
"Drummond, Andre",http://www.basketball-reference.com/players/d/drumman01.html,6-1,279,1993,73,279,20
"Lucas III, John",http://www.basketball-reference.com/players/l/lucasii04.html,6-3,175,1953,75,175,60
"Dinwiddie, Spencer",http://www.basketball-reference.com/players/d/dinwisp01.html,6-6,200,1993,78,200,20
"Miles, CJ",http://www.basketball-reference.com/players/m/milescj01.html,6-6,225,1987,78,225,26
"Hill, George",http://www.basketball-reference.com/players/h/hillge01.html,6-3,188,1986,75,188,27
"Watson, CJ",http://www.basketball-reference.com/players/w/watsocj01.html,6-2,175,1984,74,175,29
"Whittington, Shayne",http://www.basketball-reference.com/players/w/whittsh01.html,6-1,250,1991,73,250,22
"West, David",http://www.basketball-reference.com/players/w/westda01.html,6-9,250,1980,81,250,33
"Hill, Solomon",http://www.basketball-reference.com/players/h/hillso01.html,6-7,225,1991,79,225,22
"Frazier, Tim",http://www.basketball-reference.com/players/f/fraziti01.html,6-1,170,1990,73,170,23
"Noel, Nerlens",http://www.basketball-reference.com/players/n/noelne01.html,6-1,228,1994,73,228,19
"Grant, Jerami",http://www.basketball-reference.com/players/g/grantje01.html,6-8,210,1994,80,210,19
"Sampson, JaKarr",http://www.basketball-reference.com/players/s/sampsja01.html,6-1,235,1983,73,235,30
"Mbah a Moute, Luc",http://www.basketball-reference.com/players/m/mbah lu01.html,x,x,x,x,x,x
"Wall, John",http://www.basketball-reference.com/players/w/walljo01.html,6-4,195,1990,76,195,23
"Gortat, Marcin",http://www.basketball-reference.com/players/g/gortama01.html,6-1,240,1984,73,240,29
"Temple, Garrett",http://www.basketball-reference.com/players/t/templga01.html,6-6,195,1986,78,195,27
"Pierce, Paul",http://www.basketball-reference.com/players/p/piercpa01.html,6-7,235,1977,79,235,36
"Humphries, Kris",http://www.basketball-reference.com/players/h/humphkr01.html,6-9,235,1985,81,235,28
"Butler, Rasual",http://www.basketball-reference.com/players/b/butlera01.html,6-7,215,1979,79,215,34
"Porter, Otto",http://www.basketball-reference.com/players/p/porteot01.html,6-8,198,1993,80,198,20
Nene,http://www.basketball-reference.com/players/h/hilarne01.html,6-1,250,1982,73,250,31
"Gallinari, Danilo",http://www.basketball-reference.com/players/g/gallida01.html,6-1,225,1988,73,225,25
"Nurkic, Jusuf",http://www.basketball-reference.com/players/n/nurkiju01.html,7-0,280,1994,84,280,19
"Lawson, Ty",http://www.basketball-reference.com/players/l/lawsoty01.html,5-1,195,1987,61,195,26
"Hickson, JJ",http://www.basketball-reference.com/players/h/hicksjj01.html,6-9,242,1988,81,242,25
"Parker, Tony",http://www.basketball-reference.com/players/p/parketo01.html,6-2,185,1982,74,185,31
"Mills, Patty",http://www.basketball-reference.com/players/m/millspa01.html,6-8,246,1985,80,246,28
"Duncan, Tim",http://www.basketball-reference.com/players/d/duncati01.html,6-1,250,1976,73,250,37
"Ginobili, Manu",http://www.basketball-reference.com/players/g/ginobma01.html,6-6,205,1977,78,205,36
"Galloway, Langston",http://www.basketball-reference.com/players/g/gallola01.html,6-2,200,1991,74,200,22
"Amundson, Lou",http://www.basketball-reference.com/players/a/amundlo01.html,6-9,220,1982,81,220,31
"Smith, Jason",http://www.basketball-reference.com/players/s/smithja01.html,6-1,250,1977,73,250,36
"Irving, Kyrie",http://www.basketball-reference.com/players/i/irvinky01.html,6-3,193,1992,75,193,21
"Thompson, Tristan",http://www.basketball-reference.com/players/t/thomptr01.html,6-9,238,1991,81,238,22
"Miller, Mike",http://www.basketball-reference.com/players/m/millemi01.html,6-8,218,1980,80,218,33
"Ennis, James",http://www.basketball-reference.com/players/e/ennisja01.html,6-7,210,1990,79,210,23
"Haslem, Udonis",http://www.basketball-reference.com/players/h/hasleud01.html,6-8,235,1980,80,235,33
"Williams, Mo",http://www.basketball-reference.com/players/w/willimo01.html,6-8,225,1971,80,225,42
"LaVine, Zach",http://www.basketball-reference.com/players/l/lavinza01.html,6-5,189,1995,77,189,18
"Daniels, Troy",http://www.basketball-reference.com/players/d/danietr01.html,6-4,205,1991,76,205,22
"Hibbert, Roy",http://www.basketball-reference.com/players/h/hibbero01.html,7-2,270,1986,86,270,27
"Mahinmi, Ian",http://www.basketball-reference.com/players/m/mahinia01.html,6-1,250,1986,73,250,27
"Sloan, Donald",http://www.basketball-reference.com/players/s/sloando01.html,6-3,205,1988,75,205,25
"Rudez, Damjan",http://www.basketball-reference.com/players/r/rudezda01.html,6-1,228,1986,73,228,27
"Joseph, Cory",http://www.basketball-reference.com/players/j/josepco01.html,6-3,193,1991,75,193,22
"Diaw, Boris",http://www.basketball-reference.com/players/d/diawbo01.html,6-8,250,1982,80,250,31
"Hardaway Jr., Tim",http://www.basketball-reference.com/players/h/hardajr04.html,6-0,175,1966,72,175,47
"Larkin, Shane",http://www.basketball-reference.com/players/l/larkish01.html,5-1,175,1992,61,175,21
"Calderon, Jose",http://www.basketball-reference.com/players/c/caldejo01.html,6-3,200,1981,75,200,32
"Aldrich, Cole",http://www.basketball-reference.com/players/a/aldrico01.html,6-1,250,1988,73,250,25
"Wear, Travis",http://www.basketball-reference.com/players/w/weartr01.html,6-1,230,1990,73,230,23
"Williams, Lou",http://www.basketball-reference.com/players/w/willilo01.html,6-9,200,1969,81,200,44
"Vasquez, Greivis",http://www.basketball-reference.com/players/v/vasqugr01.html,6-6,217,1987,78,217,26
"Valanciunas, Jonas",http://www.basketball-reference.com/players/v/valanjo01.html,7-0,265,1992,84,265,21
"Ross, Terrence",http://www.basketball-reference.com/players/r/rosste01.html,6-7,206,1991,79,206,22
"Fredette, Jimmer",http://www.basketball-reference.com/players/f/fredeji01.html,6-2,195,1989,74,195,24
"Holiday, Jrue",http://www.basketball-reference.com/players/h/holidjr01.html,6-4,205,1990,76,205,23
"Olynyk, Kelly",http://www.basketball-reference.com/players/o/olynyke01.html,7-0,238,1991,84,238,22
"Pressey, Phil",http://www.basketball-reference.com/players/p/pressph01.html,5-1,175,1991,61,175,22
"Ridnour, Luke",http://www.basketball-reference.com/players/r/ridnolu01.html,6-2,175,1981,74,175,32
"Oladipo, Victor",http://www.basketball-reference.com/players/o/oladivi01.html,6-4,210,1992,76,210,21
"Vucevic, Nikola",http://www.basketball-reference.com/players/v/vucevni01.html,7-0,260,1990,84,260,23
"Dellavedova, Matthew",http://www.basketball-reference.com/players/d/dellama01.html,6-4,198,1990,76,198,23
"Brewer, Corey",http://www.basketball-reference.com/players/b/breweco01.html,6-9,186,1986,81,186,27
"Terry, Jason",http://www.basketball-reference.com/players/t/terryja01.html,6-2,185,1977,74,185,36
"Smith, Josh",http://www.basketball-reference.com/players/s/smithjo02.html,6-1,195,1975,84,225,38
"Canaan, Isaiah",http://www.basketball-reference.com/players/c/canaais01.html,6-0,201,1991,72,201,22
"Marshall, Kendall",http://www.basketball-reference.com/players/m/marshke01.html,6-4,200,1991,76,200,22
"Middleton, Khris",http://www.basketball-reference.com/players/m/middlkh01.html,6-8,234,1991,80,234,22
"Dudley, Jared",http://www.basketball-reference.com/players/d/dudleja01.html,6-7,225,1985,79,225,28
"Mayo, O.J.",http://www.basketball-reference.com/players/m/mayoo.01.html,x,x,x,x,x,x
"Payton, Elfrid",http://www.basketball-reference.com/players/p/paytoel01.html,6-4,185,1994,76,185,19
"Frye, Channing",http://www.basketball-reference.com/players/f/fryech01.html,6-1,255,1983,73,255,30
"Collison, Nick",http://www.basketball-reference.com/players/c/collini01.html,6-1,255,1980,73,255,33
"Perkins, Kendrick",http://www.basketball-reference.com/players/p/perkike01.html,6-1,270,1984,73,270,29
"Lamb, Jeremy",http://www.basketball-reference.com/players/l/lambje01.html,6-5,185,1992,77,185,21
"Jackson, Reggie",http://www.basketball-reference.com/players/j/jacksre01.html,6-3,208,1990,75,208,23
"Smith, Ish",http://www.basketball-reference.com/players/s/smithis01.html,6-0,175,1988,72,175,25
"Faried, Kenneth",http://www.basketball-reference.com/players/f/farieke01.html,6-8,228,1989,80,228,24
"Robinson, Nate",http://www.basketball-reference.com/players/r/robinna01.html,5-9,180,1984,69,180,29
"Harris, Gary",http://www.basketball-reference.com/players/h/harriga01.html,6-4,210,1994,76,210,19
"Exum, Dante",http://www.basketball-reference.com/players/e/exumda01.html,6-6,190,1995,78,190,18
"Burke, Trey",http://www.basketball-reference.com/players/b/burketr01.html,6-1,191,1992,73,191,21
"Wroten, Tony",http://www.basketball-reference.com/players/w/wroteto01.html,6-6,205,1993,78,205,20
"Carter-Williams, Michael",http://www.basketball-reference.com/players/c/cartemi01.html,6-6,190,1991,78,190,22
"Bledsoe, Eric",http://www.basketball-reference.com/players/b/bledser01.html,6-1,190,1989,73,190,24
"Marion, Shawn",http://www.basketball-reference.com/players/m/mariosh01.html,6-7,220,1978,79,220,35
"Varejao, Anderson",http://www.basketball-reference.com/players/v/varejan01.html,6-1,273,1982,73,273,31
"James, LeBron",http://www.basketball-reference.com/players/j/jamesle01.html,6-8,250,1984,80,250,29
"Johnson, Joe",http://www.basketball-reference.com/players/j/johnsjo02.html,6-7,195,1981,79,240,32
"Davies, Brandon",http://www.basketball-reference.com/players/d/daviebr01.html,6-1,240,1991,73,240,22
"Udrih, Beno",http://www.basketball-reference.com/players/u/udrihbe01.html,6-3,205,1982,75,205,31
"Turner, Evan",http://www.basketball-reference.com/players/t/turneev01.html,6-7,220,1988,79,220,25
"Gasol, Pau",http://www.basketball-reference.com/players/g/gasolpa01.html,7-0,250,1980,84,250,33
"Mirotic, Nikola",http://www.basketball-reference.com/players/m/mirotni01.html,6-1,220,1991,73,220,22
"Bazemore, Kent",http://www.basketball-reference.com/players/b/bazemke01.html,6-5,201,1989,77,201,24
"Horford, Al",http://www.basketball-reference.com/players/h/horfoal01.html,6-1,245,1986,73,245,27
"Carroll, DeMarre",http://www.basketball-reference.com/players/c/carrode01.html,6-8,215,1986,80,215,27
"Teague, Jeff",http://www.basketball-reference.com/players/t/teaguje01.html,6-2,186,1988,74,186,25
"Curry, Stephen",http://www.basketball-reference.com/players/c/curryst01.html,6-3,190,1988,75,190,25
"Barnes, Harrison",http://www.basketball-reference.com/players/b/barneha02.html,6-8,195,1992,75,210,21
"Rush, Brandon",http://www.basketball-reference.com/players/r/rushbr01.html,6-6,220,1985,78,220,28
"Thompson, Klay",http://www.basketball-reference.com/players/t/thompkl01.html,6-7,215,1990,79,215,23
"Speights, Marreese",http://www.basketball-reference.com/players/s/speigma01.html,6-1,255,1987,73,255,26
"Livingston, Shaun",http://www.basketball-reference.com/players/l/livinsh01.html,6-7,192,1985,79,192,28
"Iguodala, Andre",http://www.basketball-reference.com/players/i/iguodan01.html,6-6,215,1984,78,215,29
"Green, Draymond",http://www.basketball-reference.com/players/g/greendr01.html,6-7,230,1990,79,230,23
"Blake, Steve",http://www.basketball-reference.com/players/b/blakest01.html,6-3,172,1980,75,172,33
"Crabbe, Allen",http://www.basketball-reference.com/players/c/crabbal01.html,6-6,210,1992,78,210,21
"Kaman, Chris",http://www.basketball-reference.com/players/k/kamanch01.html,7-0,265,1982,84,265,31
"Batum, Nicolas",http://www.basketball-reference.com/players/b/batumni01.html,6-8,200,1988,80,200,25
"Aldridge, LaMarcus",http://www.basketball-reference.com/players/a/aldrila01.html,6-1,260,1985,73,260,28
"Lillard, Damian",http://www.basketball-reference.com/players/l/lillada01.html,6-3,195,1990,75,195,23
"Freeland, Joel",http://www.basketball-reference.com/players/f/freeljo01.html,6-1,250,1987,73,250,26
"Matthews, Wesley",http://www.basketball-reference.com/players/m/matthwe02.html,6-5,195,1986,73,220,27
"Crawford, Jamal",http://www.basketball-reference.com/players/c/crawfja01.html,6-5,200,1980,77,200,33
"Davis, Glen",http://www.basketball-reference.com/players/d/davisgl01.html,6-9,289,1986,81,289,27
"Farmar, Jordan",http://www.basketball-reference.com/players/f/farmajo01.html,6-2,180,1986,74,180,27
"Redick, JJ",http://www.basketball-reference.com/players/r/redicjj01.html,6-4,190,1984,76,190,29
"Paul, Chris",http://www.basketball-reference.com/players/p/paulch01.html,6-0,175,1985,72,175,28
"Griffin, Blake",http://www.basketball-reference.com/players/g/griffbl01.html,6-1,251,1989,73,251,24
"Napier, Shabazz",http://www.basketball-reference.com/players/n/napiesh01.html,6-1,175,1991,73,175,22
"Harris, Tobias",http://www.basketball-reference.com/players/h/harrito02.html,6-9,195,1992,75,235,21
"Stuckey, Rodney",http://www.basketball-reference.com/players/s/stuckro01.html,6-5,210,1986,77,210,27
"Allen, Lavoy",http://www.basketball-reference.com/players/a/allenla01.html,6-9,260,1989,81,260,24
"Smith, Greg",http://www.basketball-reference.com/players/s/smithgr02.html,6-1,195,1991,77,250,22
"Villanueva, Charlie",http://www.basketball-reference.com/players/v/villach01.html,6-1,232,1984,73,232,29
"Barbosa, Leandro",http://www.basketball-reference.com/players/b/barbole01.html,6-3,194,1982,75,194,31
"Kuzmic, Ognjen",http://www.basketball-reference.com/players/k/kuzmiog01.html,7-1,251,1990,85,251,23
"Tucker, PJ",http://www.basketball-reference.com/players/t/tuckepj01.html,6-6,245,1985,78,245,28
"Len, Alex",http://www.basketball-reference.com/players/l/lenal01.html,7-1,260,1993,85,260,20
"Davis, Ed",http://www.basketball-reference.com/players/d/davised01.html,6-1,240,1989,73,240,24
"Henry, Xavier",http://www.basketball-reference.com/players/h/henryxa01.html,6-6,220,1991,78,220,22
"Price, Ronnie",http://www.basketball-reference.com/players/p/pricero01.html,6-2,190,1983,74,190,30
"Scott, Mike",http://www.basketball-reference.com/players/s/scottmi01.html,6-8,237,1988,80,237,25
"Schroder, Dennis",http://www.basketball-reference.com/players/s/schrode01.html,6-1,172,1993,73,172,20
"Anderson, Ryan",http://www.basketball-reference.com/players/a/anderry01.html,6-1,240,1988,73,240,25
"Rivers, Austin",http://www.basketball-reference.com/players/r/riverau01.html,6-4,200,1992,76,200,21
"Asik, Omer",http://www.basketball-reference.com/players/a/asikom01.html,7-0,255,1986,84,255,27
"Prigioni, Pablo",http://www.basketball-reference.com/players/p/prigipa01.html,6-3,185,1977,75,185,36
"Pondexter, Quincy",http://www.basketball-reference.com/players/p/pondequ01.html,6-7,220,1988,79,220,25
"Bayless, Jerryd",http://www.basketball-reference.com/players/b/bayleje01.html,6-3,200,1988,75,200,25
"Dedmon, Dewayne",http://www.basketball-reference.com/players/d/dedmode01.html,7-0,245,1989,84,245,24
"Harkless, Maurice",http://www.basketball-reference.com/players/h/harklma01.html,6-9,215,1993,81,215,20
"Nicholson, Andrew",http://www.basketball-reference.com/players/n/nichoan01.html,6-9,250,1989,81,250,24
"Love, Kevin",http://www.basketball-reference.com/players/l/loveke01.html,6-1,251,1988,73,251,25
"Mozgov, Timofey",http://www.basketball-reference.com/players/m/mozgoti01.html,7-1,275,1986,85,275,27
"Chalmers, Mario",http://www.basketball-reference.com/players/c/chalmma01.html,6-2,190,1986,74,190,27
"Granger, Danny",http://www.basketball-reference.com/players/g/grangda01.html,6-9,222,1983,81,222,30
"Bosh, Chris",http://www.basketball-reference.com/players/b/boshch01.html,6-1,235,1984,73,235,29
"Wade, Dwyane",http://www.basketball-reference.com/players/w/wadedw01.html,6-4,220,1982,76,220,31
"Andersen, Chris",http://www.basketball-reference.com/players/a/anderch01.html,6-1,245,1978,73,245,35
"Williams, Shawne",http://www.basketball-reference.com/players/w/willish01.html,6-1,201,1975,73,201,38
"Wiggins, Andrew",http://www.basketball-reference.com/players/w/wiggian01.html,6-8,199,1995,80,199,18
"Dieng, Gorgui",http://www.basketball-reference.com/players/d/dienggo01.html,6-1,241,1990,73,241,23
"Hummel, Robbie",http://www.basketball-reference.com/players/h/hummero01.html,6-8,215,1989,80,215,24
"Splitter, Tiago",http://www.basketball-reference.com/players/s/splitti01.html,6-1,245,1985,73,245,28
"Green, Danny",http://www.basketball-reference.com/players/g/greenda02.html,6-6,195,1987,81,215,26
"Acy, Quincy",http://www.basketball-reference.com/players/a/acyqu01.html,6-7,240,1990,79,240,23
"Hansbrough, Tyler",http://www.basketball-reference.com/players/h/hansbty01.html,6-9,250,1985,81,250,28
"Patterson, Patrick",http://www.basketball-reference.com/players/p/pattepa01.html,6-9,230,1989,81,230,24
"Evans, Tyreke",http://www.basketball-reference.com/players/e/evansty01.html,6-6,220,1989,78,220,24
"Green, Jeff",http://www.basketball-reference.com/players/g/greenje02.html,6-9,195,1986,77,235,27
"Zeller, Tyler",http://www.basketball-reference.com/players/z/zellety01.html,7-0,253,1990,84,253,23
"Bradley, Avery",http://www.basketball-reference.com/players/b/bradlav01.html,6-2,180,1990,74,180,23
"Sullinger, Jared",http://www.basketball-reference.com/players/s/sullija01.html,6-9,260,1992,81,260,21
"Howard, Dwight",http://www.basketball-reference.com/players/h/howardw01.html,6-1,265,1985,73,265,28
"Harden, James",http://www.basketball-reference.com/players/h/hardeja01.html,6-5,220,1989,77,220,24
"Henson, John",http://www.basketball-reference.com/players/h/hensojo01.html,6-1,229,1990,73,229,23
"Ibaka, Serge",http://www.basketball-reference.com/players/i/ibakase01.html,6-1,235,1989,73,235,24
"Pachulia, Zaza",http://www.basketball-reference.com/players/p/pachuza01.html,6-1,270,1984,73,270,29
"Gee, Alonzo",http://www.basketball-reference.com/players/g/geeal01.html,6-6,225,1987,78,225,26
"Gobert, Rudy",http://www.basketball-reference.com/players/g/goberru01.html,7-1,245,1992,85,245,21
"Smith, J.R.",http://www.basketball-reference.com/players/s/smithj.01.html,x,x,x,x,x,x
"Anthony, Carmelo",http://www.basketball-reference.com/players/a/anthoca01.html,6-8,240,1984,80,240,29
"Brand, Elton",http://www.basketball-reference.com/players/b/brandel01.html,6-8,275,1979,80,275,34
"Price, A.J.",http://www.basketball-reference.com/players/p/pricea.01.html,x,x,x,x,x,x
"Scola, Luis",http://www.basketball-reference.com/players/s/scolalu01.html,6-9,240,1980,81,240,33
"Aminu, Al-Farouq",http://www.basketball-reference.com/players/a/aminual01.html,6-9,220,1990,81,220,23
"Parsons, Chandler",http://www.basketball-reference.com/players/p/parsoch01.html,6-1,230,1988,73,230,25
"Wright, Brandan",http://www.basketball-reference.com/players/w/wrighbr02.html,6-3,195,1984,73,210,29
"Lopez, Brook",http://www.basketball-reference.com/players/l/lopezbr01.html,7-0,275,1988,84,275,25
"Sacre, Robert",http://www.basketball-reference.com/players/s/sacrero01.html,7-0,270,1989,84,270,24
"Kelly, Ryan",http://www.basketball-reference.com/players/k/kellyry01.html,6-1,230,1991,73,230,22
"Bass, Brandon",http://www.basketball-reference.com/players/b/bassbr01.html,6-8,250,1985,80,250,28
"Snell, Tony",http://www.basketball-reference.com/players/s/snellto01.html,6-7,200,1991,79,200,22
"Jefferson, Richard",http://www.basketball-reference.com/players/j/jefferi01.html,6-7,233,1980,79,233,33
"Chandler, Tyson",http://www.basketball-reference.com/players/c/chandty01.html,7-1,240,1982,85,240,31
"Stoudemire, Amar'e",http://www.basketball-reference.com/players/s/stoudam01.html,6-1,245,1982,73,245,31
"Nowitzki, Dirk",http://www.basketball-reference.com/players/n/nowitdi01.html,7-0,245,1978,84,245,35
"Kanter, Enes",http://www.basketball-reference.com/players/k/kanteen01.html,6-1,245,1992,73,245,21
"McGary, Mitch",http://www.basketball-reference.com/players/m/mcgarmi01.html,6-1,255,1992,73,255,21
"Monroe, Greg",http://www.basketball-reference.com/players/m/monrogr01.html,6-1,265,1990,73,265,23
"Tolliver, Anthony",http://www.basketball-reference.com/players/t/tollian01.html,6-8,240,1985,80,240,28
"Singler, Kyle",http://www.basketball-reference.com/players/s/singlky01.html,6-8,228,1988,80,228,25
"Covington, Robert",http://www.basketball-reference.com/players/c/covinro01.html,6-9,215,1990,81,215,23
"Blair, DeJuan",http://www.basketball-reference.com/players/b/blairde01.html,6-7,270,1989,79,270,24
"Seraphin, Kevin",http://www.basketball-reference.com/players/s/serapke01.html,6-9,285,1989,81,285,24
"Beal, Bradley",http://www.basketball-reference.com/players/b/bealbr01.html,6-5,207,1993,77,207,20
"Chandler, Wilson",http://www.basketball-reference.com/players/c/chandwi01.html,6-8,225,1987,80,225,26
"McGee, JaVale",http://www.basketball-reference.com/players/m/mcgeeja01.html,7-0,270,1988,84,270,25
"Baynes, Aron",http://www.basketball-reference.com/players/b/baynear01.html,6-1,260,1986,73,260,27
"Bonner, Matt",http://www.basketball-reference.com/players/b/bonnema01.html,6-1,235,1980,73,235,33
"Leonard, Kawhi",http://www.basketball-reference.com/players/l/leonaka01.html,6-7,230,1991,79,230,22
"Haywood, Brendan",http://www.basketball-reference.com/players/h/haywobr01.html,7-0,268,1979,84,268,34
"Budinger, Chase",http://www.basketball-reference.com/players/b/budinch01.html,6-7,209,1988,79,209,25
"Antetokounmpo, Giannis",http://www.basketball-reference.com/players/a/antetgi01.html,6-1,222,1994,73,222,19
"O'Quinn, Kyle",http://www.basketball-reference.com/players/o/o'quiky01.html,x,x,x,x,x,x
"Adams, Steven",http://www.basketball-reference.com/players/a/adamsst01.html,7-0,255,1993,84,255,20
"Westbrook, Russell",http://www.basketball-reference.com/players/w/westbru01.html,6-3,200,1988,75,200,25
"Sanders, Larry",http://www.basketball-reference.com/players/s/sandela01.html,6-1,235,1988,73,235,25
"Knight, Brandon",http://www.basketball-reference.com/players/k/knighbr01.html,5-1,173,1975,61,173,38
"Favors, Derrick",http://www.basketball-reference.com/players/f/favorde01.html,6-1,265,1991,73,265,22
"Burks, Alec",http://www.basketball-reference.com/players/b/burksal01.html,6-6,214,1991,78,214,22
"Hood, Rodney",http://www.basketball-reference.com/players/h/hoodro01.html,6-8,206,1992,80,206,21
"Thompson, Hollis",http://www.basketball-reference.com/players/t/thompho01.html,6-8,206,1991,80,206,22
"Sims, Henry",http://www.basketball-reference.com/players/s/simshe01.html,6-1,248,1990,73,248,23
"McDaniels, KJ",http://www.basketball-reference.com/players/m/mcdankj01.html,6-6,205,1993,78,205,20
"Morris, Marcus",http://www.basketball-reference.com/players/m/morrima02.html,6-1,195,1989,74,245,24
"Plumlee, Miles",http://www.basketball-reference.com/players/p/plumlmi01.html,6-1,249,1988,73,249,25
"Green, Gerald",http://www.basketball-reference.com/players/g/greenge01.html,6-7,205,1986,79,205,27
"Karasev, Sergey",http://www.basketball-reference.com/players/k/karasse01.html,6-7,208,1993,79,208,20
"Gasol, Marc",http://www.basketball-reference.com/players/g/gasolma01.html,7-1,255,1985,85,255,28
"Conley, Mike",http://www.basketball-reference.com/players/c/conlemi01.html,6-1,175,1987,73,175,26
"Koufos, Kosta",http://www.basketball-reference.com/players/k/koufoko01.html,7-0,265,1989,84,265,24
"Lee, Courtney",http://www.basketball-reference.com/players/l/leeco01.html,6-5,200,1985,77,200,28
"Allen, Tony",http://www.basketball-reference.com/players/a/allento01.html,6-4,213,1982,76,213,31
"Randolph, Zach",http://www.basketball-reference.com/players/r/randoza01.html,6-9,260,1981,81,260,32
"Thornton, Marcus",http://www.basketball-reference.com/players/t/thornma01.html,6-4,205,1987,76,205,26
"Dalembert, Samuel",http://www.basketball-reference.com/players/d/dalemsa01.html,6-1,255,1981,73,255,32
"Korver, Kyle",http://www.basketball-reference.com/players/k/korveky01.html,6-7,212,1981,79,212,32
"Millsap, Paul",http://www.basketball-reference.com/players/m/millspa01.html,6-8,246,1985,80,246,28
"Bogut, Andrew",http://www.basketball-reference.com/players/b/bogutan01.html,7-0,260,1984,84,260,29
"Lopez, Robin",http://www.basketball-reference.com/players/l/lopezro01.html,7-0,255,1988,84,255,25
"Jordan, DeAndre",http://www.basketball-reference.com/players/j/jordade01.html,6-1,265,1988,73,265,25
"Fournier, Evan",http://www.basketball-reference.com/players/f/fournev01.html,6-7,205,1992,79,205,21
"Copeland, Chris",http://www.basketball-reference.com/players/c/copelch01.html,6-9,239,1984,81,239,29
"Bryant, Kobe",http://www.basketball-reference.com/players/b/bryanko01.html,6-6,212,1978,78,212,35
"Johnson, Wesley",http://www.basketball-reference.com/players/j/johnswe01.html,6-7,215,1987,79,215,26
"Boozer, Carlos",http://www.basketball-reference.com/players/b/boozeca01.html,6-9,258,1981,81,258,32
"Sefolosha, Thabo",http://www.basketball-reference.com/players/s/sefolth01.html,6-7,220,1984,79,220,29
"Antic, Pero",http://www.basketball-reference.com/players/a/anticpe01.html,6-1,260,1982,73,260,31
"Deng, Luol",http://www.basketball-reference.com/players/d/denglu01.html,6-9,220,1985,81,220,28
"Hamilton, Justin",http://www.basketball-reference.com/players/h/hamilju01.html,7-0,260,1990,84,260,23
"Davis, Anthony",http://www.basketball-reference.com/players/d/davisan02.html,6-1,195,1993,81,253,20
"Shumpert, Iman",http://www.basketball-reference.com/players/s/shumpim01.html,6-5,220,1990,77,220,23
"Leuer, Jon",http://www.basketball-reference.com/players/l/leuerjo01.html,6-1,228,1989,73,228,24
"Ilyasova, Ersan",http://www.basketball-reference.com/players/i/ilyaser01.html,6-1,235,1987,73,235,26
"Jordan, Jerome",http://www.basketball-reference.com/players/j/jordaje01.html,7-0,253,1986,84,253,27
"Jefferson, Cory",http://www.basketball-reference.com/players/j/jeffeco01.html,6-9,218,1990,81,218,23
"Clarkson, Jordan",http://www.basketball-reference.com/players/c/clarkjo01.html,6-5,194,1992,77,194,21
"Dunleavy, Mike",http://www.basketball-reference.com/players/d/dunlemi02.html,6-9,195,1980,75,230,33
"Rondo, Rajon",http://www.basketball-reference.com/players/r/rondora01.html,6-1,186,1986,73,186,27
"Roberson, Andre",http://www.basketball-reference.com/players/r/roberan02.html,6-2,195,1983,77,180,30
"Caldwell-Pope, Kentavious",http://www.basketball-reference.com/players/c/caldwke01.html,6-5,205,1993,77,205,20
"Anthony, Joel",http://www.basketball-reference.com/players/a/anthojo01.html,6-9,245,1982,81,245,31
"Foye, Randy",http://www.basketball-reference.com/players/f/foyera01.html,6-4,213,1983,76,213,30
"Williams, Reggie",http://www.basketball-reference.com/players/w/willire02.html,6-6,195,1986,79,205,27
"Thomas, Lance",http://www.basketball-reference.com/players/t/thomala01.html,6-8,235,1988,80,235,25
"Cole, Norris",http://www.basketball-reference.com/players/c/coleno01.html,6-2,175,1988,74,175,25
"Ariza, Trevor",http://www.basketball-reference.com/players/a/arizatr01.html,6-8,215,1985,80,215,28
"Jones, Perry",http://www.basketball-reference.com/players/j/jonespe01.html,6-1,235,1991,73,235,22
"Afflalo, Arron",http://www.basketball-reference.com/players/a/afflaar01.html,6-5,210,1985,77,210,28
"Morris, Markieff",http://www.basketball-reference.com/players/m/morrima02.html,6-1,195,1989,74,245,24
"Carter, Vince",http://www.basketball-reference.com/players/c/cartevi01.html,6-6,220,1977,78,220,36
"Rose, Derrick",http://www.basketball-reference.com/players/r/rosede01.html,6-3,190,1988,75,190,25
"Hawes, Spencer",http://www.basketball-reference.com/players/h/hawessp01.html,7-1,245,1988,85,245,25
"Turkoglu, Hedo",http://www.basketball-reference.com/players/t/turkohe01.html,6-1,220,1979,73,220,34
"Dragic, Goran",http://www.basketball-reference.com/players/d/dragigo01.html,6-3,190,1986,75,190,27
"McRoberts, Josh",http://www.basketball-reference.com/players/m/mcrobjo01.html,6-1,240,1987,73,240,26
"Nelson, Jameer",http://www.basketball-reference.com/players/n/nelsoja01.html,6-0,190,1982,72,190,31
"Barton, Will",http://www.basketball-reference.com/players/b/bartowi01.html,6-6,175,1991,78,175,22
"Wilcox, CJ",http://www.basketball-reference.com/players/w/wilcocj01.html,6-5,195,1990,77,195,23
"Jones, Dahntay",http://www.basketball-reference.com/players/j/jonesda01.html,6-3,185,1976,75,185,37
"Webster, Martell",http://www.basketball-reference.com/players/w/webstma02.html,6-7,195,1986,85,230,27
"Bennett, Anthony",http://www.basketball-reference.com/players/b/bennean01.html,6-8,245,1993,80,245,20
"Lowry, Kyle",http://www.basketball-reference.com/players/l/lowryky01.html,6-1,196,1986,73,196,27
"Cunningham, Dante",http://www.basketball-reference.com/players/c/cunnida01.html,6-8,230,1987,80,230,26
"Gordon, Eric",http://www.basketball-reference.com/players/g/gordoer01.html,6-4,215,1988,76,215,25
"Waiters, Dion",http://www.basketball-reference.com/players/w/waitedi01.html,6-4,225,1991,76,225,22
"Dorsey, Joey",http://www.basketball-reference.com/players/d/dorsejo01.html,6-8,268,1983,80,268,30
"Motiejunas, Donatas",http://www.basketball-reference.com/players/m/motiedo01.html,7-0,222,1990,84,222,23
"Gordon, Ben",http://www.basketball-reference.com/players/g/gordobe01.html,6-3,200,1983,75,200,30
"Green, Erick",http://www.basketball-reference.com/players/g/greener01.html,6-4,185,1991,76,185,22
"Hayward, Gordon",http://www.basketball-reference.com/players/h/haywago01.html,6-8,226,1990,80,226,23
"Booker, Trevor",http://www.basketball-reference.com/players/b/booketr01.html,6-8,228,1987,80,228,26
"Novak, Steve",http://www.basketball-reference.com/players/n/novakst01.html,6-1,225,1983,73,225,30
"Harris, Joe",http://www.basketball-reference.com/players/h/harrijo01.html,6-6,219,1991,78,219,22
"Prince, Tayshaun",http://www.basketball-reference.com/players/p/princta01.html,6-9,212,1980,81,212,33
"McCollum, CJ",http://www.basketball-reference.com/players/m/mccolcj01.html,6-4,200,1991,76,200,22
"Ajinca, Alexis",http://www.basketball-reference.com/players/a/ajincal01.html,7-2,248,1988,86,248,25
"Smith, Russ",http://www.basketball-reference.com/players/s/smithru01.html,6-0,165,1991,72,165,22
"Ellis, Monta",http://www.basketball-reference.com/players/e/ellismo01.html,6-3,185,1985,75,185,28
"Morrow, Anthony",http://www.basketball-reference.com/players/m/morroan01.html,6-5,210,1985,77,210,28
"Meeks, Jodie",http://www.basketball-reference.com/players/m/meeksjo01.html,6-4,210,1987,76,210,26
"Fields, Landry",http://www.basketball-reference.com/players/f/fieldla01.html,6-7,210,1988,79,210,25
"Johnson, James",http://www.basketball-reference.com/players/j/johnsja01.html,6-9,250,1987,81,250,26
"Johnson, Amir",http://www.basketball-reference.com/players/j/johnsam01.html,6-9,240,1987,81,240,26
"Beverley, Patrick",http://www.basketball-reference.com/players/b/beverpa01.html,6-1,185,1988,73,185,25
"O'Bryant, Johnny",http://www.basketball-reference.com/players/o/o'bryjo01.html,x,x,x,x,x,x
"Muscala, Mike",http://www.basketball-reference.com/players/m/muscami01.html,6-1,240,1991,73,240,22
"Bullock, Reggie",http://www.basketball-reference.com/players/b/bullore01.html,6-7,205,1991,79,205,22
"Holiday, Justin",http://www.basketball-reference.com/players/h/holidju01.html,6-6,185,1989,78,185,24
"Parker, Jabari",http://www.basketball-reference.com/players/p/parkeja01.html,6-8,250,1995,80,250,18
"Ingles, Joe",http://www.basketball-reference.com/players/i/inglejo01.html,6-8,226,1987,80,226,26
"Brown, Shannon",http://www.basketball-reference.com/players/b/brownsh01.html,6-4,205,1985,76,205,28
"Daye, Austin",http://www.basketball-reference.com/players/d/dayeau01.html,6-1,220,1988,73,220,25
"Early, Cleanthony",http://www.basketball-reference.com/players/e/earlycl01.html,6-8,210,1991,80,210,22
"Jones, James",http://www.basketball-reference.com/players/j/jonesja02.html,6-8,195,1980,75,218,33
"Robinson, Glenn",http://www.basketball-reference.com/players/r/robingl01.html,6-7,225,1973,79,225,40
"Wright, Dorell",http://www.basketball-reference.com/players/w/wrighdo01.html,6-9,205,1985,81,205,28
"Adams, Jordan",http://www.basketball-reference.com/players/a/adamsjo01.html,6-5,209,1994,77,209,19
"Calathes, Nick",http://www.basketball-reference.com/players/c/calatni01.html,6-6,213,1989,78,213,24
"Lauvergne, Joffrey",http://www.basketball-reference.com/players/l/lauvejo01.html,6-1,220,1991,73,220,22
"Belinelli, Marco",http://www.basketball-reference.com/players/b/belinma01.html,6-5,210,1986,77,210,27
"Ayres, Jeff",http://www.basketball-reference.com/players/a/ayresje01.html,x,x,x,x,x,x
"James, Bernard",http://www.basketball-reference.com/players/j/jamesbe01.html,6-1,240,1985,73,240,28
"Douglas, Toney",http://www.basketball-reference.com/players/d/douglto01.html,6-2,195,1986,74,195,27
"Babbitt, Luke",http://www.basketball-reference.com/players/b/babbilu01.html,6-9,225,1989,81,225,24
"Withey, Jeff",http://www.basketball-reference.com/players/w/witheje01.html,7-0,231,1990,84,231,23
"Gay, Rudy",http://www.basketball-reference.com/players/g/gayru01.html,6-8,230,1986,80,230,27
"McLemore, Ben",http://www.basketball-reference.com/players/m/mclembe01.html,6-5,195,1993,77,195,20
"Cousins, DeMarcus",http://www.basketball-reference.com/players/c/couside01.html,6-1,270,1990,73,270,23
"Thompson, Jason",http://www.basketball-reference.com/players/t/thompja02.html,6-1,195,1986,73,250,27
"Casspi, Omri",http://www.basketball-reference.com/players/c/casspom01.html,6-9,225,1988,81,225,25
"Sessions, Ramon",http://www.basketball-reference.com/players/s/sessira01.html,6-3,190,1986,75,190,27
"Leonard, Meyers",http://www.basketball-reference.com/players/l/leoname01.html,7-1,245,1992,85,245,21
"Lee, David","http://www.basketball-reference.com/players/l/lee,da04.html",6-7,225,1942,79,225,71
"Barnes, Matt",http://www.basketball-reference.com/players/b/barnema02.html,6-7,195,1980,80,226,33
"Wallace, Gerald",http://www.basketball-reference.com/players/w/wallage01.html,6-7,215,1982,79,215,31
"Young, Nick",http://www.basketball-reference.com/players/y/youngni01.html,6-7,210,1985,79,210,28
"Durant, Kevin",http://www.basketball-reference.com/players/d/duranke01.html,6-9,240,1988,81,240,25
"Muhammad, Shabazz",http://www.basketball-reference.com/players/m/muhamsh01.html,6-6,223,1992,78,223,21
"Aldemir, Furkan",http://www.basketball-reference.com/players/a/aldemfu01.html,6-1,240,1991,73,240,22
"Zeller, Cody",http://www.basketball-reference.com/players/z/zelleco01.html,7-0,240,1992,84,240,21
"Henderson, Gerald",http://www.basketball-reference.com/players/h/hendege02.html,6-5,195,1987,74,215,26
"Kidd-Gilchrist, Michael",http://www.basketball-reference.com/players/k/kidd-mi01.html,x,x,x,x,x,x
"Williams, Marvin",http://www.basketball-reference.com/players/w/willima01.html,6-1,198,1982,73,198,31
"Biyombo, Bismack",http://www.basketball-reference.com/players/b/biyombi01.html,6-9,255,1992,81,255,21
"Collison, Darren",http://www.basketball-reference.com/players/c/collida01.html,6-0,175,1987,72,175,26
"Williams, Derrick",http://www.basketball-reference.com/players/w/willide01.html,6-3,200,1984,75,200,29
"Landry, Carl",http://www.basketball-reference.com/players/l/landrca01.html,6-9,248,1983,81,248,30
"Arthur, Darrell",http://www.basketball-reference.com/players/a/arthuda01.html,6-9,235,1988,81,235,25
"DeRozan, DeMar",http://www.basketball-reference.com/players/d/derozde01.html,6-7,221,1989,79,221,24
"Mack, Shelvin",http://www.basketball-reference.com/players/m/macksh01.html,6-3,203,1990,75,203,23
"Jennings, Brandon",http://www.basketball-reference.com/players/j/jennibr01.html,6-1,170,1989,73,170,24
"Butler, Caron",http://www.basketball-reference.com/players/b/butleca01.html,6-7,228,1980,79,228,33
"Black, Tarik",http://www.basketball-reference.com/players/b/blackta01.html,6-9,250,1991,81,250,22
"Jones, Terrence",http://www.basketball-reference.com/players/j/joneste01.html,6-9,252,1992,81,252,21
"Green, JaMychal",http://www.basketball-reference.com/players/g/greenja01.html,6-9,227,1990,81,227,23
"McCallum, Ray",http://www.basketball-reference.com/players/m/mccalra01.html,6-3,190,1991,75,190,22
"Adrien, Jeff",http://www.basketball-reference.com/players/a/adrieje01.html,6-7,245,1986,79,245,27
"Evans, Reggie",http://www.basketball-reference.com/players/e/evansre01.html,6-8,245,1980,80,245,33
"Hollins, Ryan",http://www.basketball-reference.com/players/h/holliry01.html,7-0,240,1984,84,240,29
"Papanikolaou, Kostas",http://www.basketball-reference.com/players/p/papanko01.html,6-8,225,1990,80,225,23
"Richardson, Jason",http://www.basketball-reference.com/players/r/richaja01.html,6-6,220,1981,78,220,32
"Robinson, Thomas",http://www.basketball-reference.com/players/r/robinth01.html,6-1,237,1991,73,237,22
"Jefferson, Al",http://www.basketball-reference.com/players/j/jeffeal01.html,6-1,289,1985,73,289,28
"Garnett, Kevin",http://www.basketball-reference.com/players/g/garneke01.html,6-1,240,1976,73,240,37
"Ezeli, Festus",http://www.basketball-reference.com/players/e/ezelife01.html,6-1,255,1989,73,255,24
"Ennis, Tyler",http://www.basketball-reference.com/players/e/ennisty01.html,6-3,194,1994,75,194,19
"Stauskas, Nik",http://www.basketball-reference.com/players/s/stausni01.html,6-6,205,1993,78,205,20
"Walker, Kemba",http://www.basketball-reference.com/players/w/walkeke02.html,6-1,195,1990,80,172,23
"Roberts, Brian",http://www.basketball-reference.com/players/r/roberbr01.html,6-1,173,1985,73,173,28
"Pargo, Jannero",http://www.basketball-reference.com/players/p/pargoja01.html,6-1,175,1979,73,175,34
"Miller, Andre",http://www.basketball-reference.com/players/m/millean01.html,6-9,225,1971,81,225,42
"Telfair, Sebastian",http://www.basketball-reference.com/players/t/telfase01.html,6-0,165,1985,72,165,28
"Goodwin, Archie",http://www.basketball-reference.com/players/g/goodwar01.html,6-5,200,1994,77,200,19
"Hairston, PJ",http://www.basketball-reference.com/players/h/hairspj01.html,x,x,x,x,x,x
"Neal, Gary",http://www.basketball-reference.com/players/n/nealga01.html,6-4,210,1984,76,210,29
"McDermott, Doug",http://www.basketball-reference.com/players/m/mcderdo01.html,6-8,225,1992,80,225,21
"Maxiell, Jason",http://www.basketball-reference.com/players/m/maxieja01.html,6-7,260,1983,79,260,30
"Whiteside, Hassan",http://www.basketball-reference.com/players/w/whiteha01.html,7-0,265,1989,84,265,24
"Beasley, Michael",http://www.basketball-reference.com/players/b/beaslmi01.html,6-9,235,1989,81,235,24
"Stephenson, Lance",http://www.basketball-reference.com/players/s/stephla01.html,6-5,230,1990,77,230,23
"Gordon, Aaron",http://www.basketball-reference.com/players/g/gordoaa01.html,6-9,220,1995,81,220,18
"Wolters, Nate",http://www.basketball-reference.com/players/w/woltena01.html,6-4,190,1991,76,190,22
"Stokes, Jarnell",http://www.basketball-reference.com/players/s/stokeja01.html,6-9,263,1994,81,263,19
"Moore, E'Twaun",http://www.basketball-reference.com/players/m/mooree'01.html,x,x,x,x,x,x
"Mekel, Gal",http://www.basketball-reference.com/players/m/mekelga01.html,6-3,191,1988,75,191,25
"Gooden, Drew",http://www.basketball-reference.com/players/g/goodedr01.html,6-1,250,1981,73,250,32
"Johnson, Tyler",http://www.basketball-reference.com/players/j/johnsty01.html,6-4,186,1992,76,186,21
"Walker, Henry",http://www.basketball-reference.com/players/w/walkehe01.html,x,x,x,x,x,x
"Taylor, Jeff",http://www.basketball-reference.com/players/t/tayloje02.html,6-4,195,1986,76,210,27
"Evans, Jeremy",http://www.basketball-reference.com/players/e/evansje01.html,6-9,200,1987,81,200,26
"Shved, Alexey",http://www.basketball-reference.com/players/s/shvedal01.html,6-6,190,1988,78,190,25
"Randolph, Shavlik",http://www.basketball-reference.com/players/r/randosh01.html,6-1,240,1983,73,240,30
"Anderson, Kyle",http://www.basketball-reference.com/players/a/anderky01.html,6-9,230,1993,81,230,20
"Garcia, Francisco",http://www.basketball-reference.com/players/g/garcifr01.html,6-7,195,1981,79,195,32
"Douglas-Roberts, Chris",http://www.basketball-reference.com/players/d/douglch01.html,6-7,200,1987,79,200,26
"Millsap, Elijah",http://www.basketball-reference.com/players/m/millsel01.html,6-6,225,1987,78,225,26
"Martin, Cartier",http://www.basketball-reference.com/players/m/martica01.html,6-7,220,1984,79,220,29
"Datome, Gigi",http://www.basketball-reference.com/players/d/datomgi01.html,x,x,x,x,x,x
"Capela, Clint",http://www.basketball-reference.com/players/c/capelcl01.html,x,x,x,x,x,x
"Udoh, Ekpe",http://www.basketball-reference.com/players/u/udohek01.html,6-1,240,1987,73,240,26
"Claver, Victor",http://www.basketball-reference.com/players/c/clavevi01.html,6-9,224,1988,81,224,25
"Rubio, Ricky",http://www.basketball-reference.com/players/r/rubiori01.html,6-4,194,1990,76,194,23
"Pekovic, Nikola",http://www.basketball-reference.com/players/p/pekovni01.html,6-1,307,1986,73,307,27
"Miller, Quincy",http://www.basketball-reference.com/players/m/millequ01.html,6-9,210,1992,81,210,21
"Teletovic, Mirza",http://www.basketball-reference.com/players/t/teletmi01.html,6-9,242,1985,81,242,28
"Martin, Kevin",http://www.basketball-reference.com/players/m/martike01.html,6-9,234,1977,81,234,36
"Clark, Ian",http://www.basketball-reference.com/players/c/clarkia01.html,6-3,175,1991,75,175,22
"Jerrett, Grant",http://www.basketball-reference.com/players/j/jerregr01.html,6-1,235,1993,73,235,20
"Thomas, Malcolm",http://www.basketball-reference.com/players/t/thomama01.html,6-9,225,1988,81,225,25
"Salmons, John",http://www.basketball-reference.com/players/s/salmojo01.html,6-7,210,1979,79,210,34
"Felton, Raymond",http://www.basketball-reference.com/players/f/feltora01.html,6-1,205,1984,73,205,29
"Johnson, Nick",http://www.basketball-reference.com/players/j/johnsni01.html,6-3,202,1992,75,202,21
"Cunningham, Jared",http://www.basketball-reference.com/players/c/cunnija01.html,6-4,195,1991,76,195,22
"Hayes, Charles",http://www.basketball-reference.com/players/h/hayesch01.html,6-6,240,1983,78,240,30
"Kirilenko, Andrei",http://www.basketball-reference.com/players/k/kirilan01.html,6-9,220,1981,81,220,32
"Gutierrez, Jorge",http://www.basketball-reference.com/players/g/gutiejo01.html,6-3,191,1988,75,191,25
"Drew, Larry","http://www.basketball-reference.com/players/d/drew,la04.html",6-1,170,1958,73,170,55
"Vonleh, Noah",http://www.basketball-reference.com/players/v/vonleno01.html,6-1,240,1995,73,240,18
"Cherry, Will",http://www.basketball-reference.com/players/c/cherrwi01.html,6-0,185,1991,72,185,22
"Powell, Dwight",http://www.basketball-reference.com/players/p/poweldw01.html,6-1,240,1991,73,240,22
"Payne, Adreian",http://www.basketball-reference.com/players/p/paynead01.html,6-1,237,1991,73,237,22
"Turiaf, Ronny",http://www.basketball-reference.com/players/t/turiaro01.html,6-1,249,1983,73,249,30
"Bairstow, Cameron",http://www.basketball-reference.com/players/b/bairsca01.html,6-9,250,1990,81,250,23
"Jenkins, John",http://www.basketball-reference.com/players/j/jenkijo01.html,6-4,215,1991,76,215,22
"Lucas, Kalin",http://www.basketball-reference.com/players/l/lucaska01.html,6-1,195,1989,73,195,24
"Johnson, Chris",http://www.basketball-reference.com/players/j/johnsch03.html,6-1,195,1985,78,210,28
"Martin, Kenyon",http://www.basketball-reference.com/players/m/martike01.html,6-9,234,1977,81,234,36
"Bargnani, Andrea",http://www.basketball-reference.com/players/b/bargnan01.html,7-0,245,1985,84,245,28
"Rice Jr., Glen",http://www.basketball-reference.com/players/r/rice gl01.html,x,x,x,x,x,x
"Warren, TJ",http://www.basketball-reference.com/players/w/warretj01.html,6-8,230,1993,80,230,20
"Brown, Lorenzo",http://www.basketball-reference.com/players/b/brownlo01.html,6-5,189,1990,77,189,23
"Kirk, Alex",http://www.basketball-reference.com/players/k/kirkal01.html,7-0,245,1991,84,245,22
"Gordon, Drew",http://www.basketball-reference.com/players/g/gordodr01.html,6-9,245,1990,81,245,23
"Williams, Elliot",http://www.basketball-reference.com/players/w/williel01.html,6-5,190,1989,77,190,24
"Dos Santos, Atila",http://www.basketball-reference.com/players/d/dos sat01.html,x,x,x,x,x,x
"Marble, Devyn",http://www.basketball-reference.com/players/m/marblde01.html,6-6,200,1992,78,200,21
"Stiemsma, Greg",http://www.basketball-reference.com/players/s/stiemgr01.html,6-1,260,1985,73,260,28
"Nogueira, Lucas",http://www.basketball-reference.com/players/n/noguelu01.html,7-0,241,1992,84,241,21
"Barron, Earl",http://www.basketball-reference.com/players/b/barroea01.html,7-0,250,1981,84,250,32
"Mohammed, Nazr",http://www.basketball-reference.com/players/m/mohamna01.html,6-1,221,1977,73,221,36
"McAdoo, James Michael",http://www.basketball-reference.com/players/m/mcadoja01.html,6-9,230,1993,81,230,20
"Miller, Darius",http://www.basketball-reference.com/players/m/milleda01.html,6-8,235,1990,80,235,23
"Hamilton, Jordan",http://www.basketball-reference.com/players/h/hamiljo02.html,6-7,195,1990,61,220,23
"Dragic, Zoran",http://www.basketball-reference.com/players/d/dragizo01.html,6-5,200,1989,77,200,24
"Christopher, Patrick",http://www.basketball-reference.com/players/c/chrispa01.html,6-5,209,1988,77,209,25
"Dawkins, Andre",http://www.basketball-reference.com/players/d/dawkian01.html,6-5,215,1991,77,215,22
"Raduljica, Miroslav",http://www.basketball-reference.com/players/r/radulmi01.html,7-0,250,1988,84,250,25
"Caboclo, Bruno",http://www.basketball-reference.com/players/c/cabocbr01.html,6-9,218,1995,81,218,18
"Moreland, Eric",http://www.basketball-reference.com/players/m/moreler01.html,6-1,238,1991,73,238,22
"Randle, Julius",http://www.basketball-reference.com/players/r/randlju01.html,6-9,250,1994,81,250,19
"Ledo, Ricky",http://www.basketball-reference.com/players/l/ledori01.html,6-7,195,1992,79,195,21
"Murry, Toure",http://www.basketball-reference.com/players/m/murryto01.html,6-5,195,1989,77,195,24
